[
	{
	  "phone": "1-389-886-8523",
	  "dob": "07/11/1997",
	  "name": "Katelyn T. Boyle",
	  "id": "5de2b28b-a91b-49d1-b4ba-d79c6f5e0fd7",
	  "email": "mi.lacinia@laciniamattis.edu"
	},
	{
	  "phone": "879-4512",
	  "dob": "01/11/1968",
	  "name": "September Y. Forbes",
	  "id": "0c821b1a-3e4e-4dc0-b9f4-562d6d4ceb15",
	  "email": "Proin.mi.Aliquam@arcuVestibulum.org"
	},
	{
	  "phone": "612-9561",
	  "dob": "11/04/1995",
	  "name": "Kaseem T. Potts",
	  "id": "ad56aa04-78e9-46fe-8e02-778de54e5052",
	  "email": "tempus.lorem@luctussitamet.org"
	},
	{
	  "phone": "1-727-227-3534",
	  "dob": "30/08/1988",
	  "name": "Maite Mcintosh",
	  "id": "f6a3b9ab-15c2-499d-b07a-ec90f48ca9f5",
	  "email": "sagittis.Duis@tellusPhaselluselit.net"
	},
	{
	  "phone": "1-730-492-6543",
	  "dob": "07/11/1973",
	  "name": "Kerry Calderon",
	  "id": "91f6820b-9c7c-496a-bb73-bf9a4554550e",
	  "email": "Integer.sem@nisi.org"
	},
	{
	  "phone": "897-7252",
	  "dob": "10/06/1987",
	  "name": "Hakeem W. Fowler",
	  "id": "e2d998c5-23f4-4567-be7c-b781bfa8b14a",
	  "email": "et.arcu@Quisque.co.uk"
	},
	{
	  "phone": "1-233-437-3487",
	  "dob": "06/08/1978",
	  "name": "Steel Bruce",
	  "id": "4583cd32-cf87-46db-9f7f-4ce20f86f65b",
	  "email": "Donec.nibh.enim@ametnulla.net"
	},
	{
	  "phone": "1-881-206-0743",
	  "dob": "14/06/1988",
	  "name": "Joseph Henderson",
	  "id": "52e86866-a45d-4bb8-9c9f-2bce6dcf3f45",
	  "email": "Sed.nec@risusDonecegestas.ca"
	},
	{
	  "phone": "999-8845",
	  "dob": "24/08/1998",
	  "name": "Quinn L. Lamb",
	  "id": "6297e2b0-69a8-4f9b-8905-01d1d714c82b",
	  "email": "accumsan.laoreet.ipsum@Donecnibh.com"
	},
	{
	  "phone": "1-690-958-1438",
	  "dob": "11/09/1985",
	  "name": "Hadley Shields",
	  "id": "98950723-1d5e-42cf-97ca-182448c89115",
	  "email": "ante.dictum@ornareegestas.ca"
	},
	{
	  "phone": "539-3379",
	  "dob": "18/07/1974",
	  "name": "Tara S. Clarke",
	  "id": "848c9cf6-96f6-4270-b8d4-47bc564d375e",
	  "email": "posuere.enim.nisl@faucibusidlibero.ca"
	},
	{
	  "phone": "1-410-239-6938",
	  "dob": "16/03/1980",
	  "name": "Travis Zamora",
	  "id": "64adc1e3-c7ba-4301-9031-734e3056d831",
	  "email": "Nam@fringilla.edu"
	},
	{
	  "phone": "1-842-693-3527",
	  "dob": "01/07/1983",
	  "name": "Hilel Chandler",
	  "id": "0f290c0b-32f8-43a6-9aa8-f21f1fe7cfa6",
	  "email": "placerat.augue.Sed@velitegestas.com"
	},
	{
	  "phone": "1-695-407-3574",
	  "dob": "13/10/1980",
	  "name": "Maisie Phelps",
	  "id": "e859a336-e78a-4d71-a5d3-42077beb2871",
	  "email": "nisi.nibh@Fuscefeugiat.org"
	},
	{
	  "phone": "1-264-258-4447",
	  "dob": "10/12/1971",
	  "name": "Heidi Montgomery",
	  "id": "7302a99b-e5c7-4c22-a8f9-23a0aaf72bba",
	  "email": "vulputate.posuere.vulputate@ametornarelectus.com"
	},
	{
	  "phone": "1-638-155-3149",
	  "dob": "13/08/1983",
	  "name": "Jackson Oneil",
	  "id": "3e661990-764a-433b-9464-a914b9333353",
	  "email": "tempor.arcu@sed.ca"
	},
	{
	  "phone": "392-6188",
	  "dob": "18/06/1999",
	  "name": "Savannah Q. Osborn",
	  "id": "bbb1abc2-6017-4a69-82cd-30740a772607",
	  "email": "hendrerit.neque@Nuncquis.net"
	},
	{
	  "phone": "828-1474",
	  "dob": "30/11/1978",
	  "name": "Lesley C. Le",
	  "id": "e7a29ca8-b0d4-4da3-936f-318cc96603be",
	  "email": "consectetuer@libero.org"
	},
	{
	  "phone": "1-651-993-5457",
	  "dob": "09/08/1984",
	  "name": "Brenden R. Vaughn",
	  "id": "3de660d0-f059-4114-9bbb-851eb5a0d512",
	  "email": "lectus.pede.et@ultricies.org"
	},
	{
	  "phone": "1-880-511-8690",
	  "dob": "13/10/1975",
	  "name": "Beverly V. Mosley",
	  "id": "a8f6af28-3893-416f-a97d-778951bc5e62",
	  "email": "Integer@Curabitur.com"
	},
	{
	  "phone": "1-519-622-5158",
	  "dob": "18/12/1990",
	  "name": "Aquila H. Riddle",
	  "id": "78b4e68a-1be3-417b-9423-36cf06420144",
	  "email": "ut@congue.co.uk"
	},
	{
	  "phone": "891-6228",
	  "dob": "26/06/2000",
	  "name": "Daryl V. Strong",
	  "id": "31ed0849-499c-4e18-9fc3-8d3c2aa8535b",
	  "email": "magna@accumsan.co.uk"
	},
	{
	  "phone": "1-974-801-0172",
	  "dob": "10/05/1981",
	  "name": "Garth Hooper",
	  "id": "e6877072-cff1-4831-9de0-dbf4a8344513",
	  "email": "pellentesque.tellus@Pellentesquehabitant.edu"
	},
	{
	  "phone": "1-774-490-6618",
	  "dob": "17/11/1975",
	  "name": "Lev Fisher",
	  "id": "9488ed10-87c3-4410-a7d4-3642de4b150a",
	  "email": "Curabitur@mollisnon.com"
	},
	{
	  "phone": "1-893-290-7035",
	  "dob": "01/11/1991",
	  "name": "Jaden Caldwell",
	  "id": "057cce4c-4f00-44bb-b3ca-66366d245330",
	  "email": "eu.eleifend.nec@feugiatSednec.edu"
	},
	{
	  "phone": "747-1596",
	  "dob": "01/11/1985",
	  "name": "Courtney B. Leon",
	  "id": "66393898-f090-417c-989b-4e85ff147fd6",
	  "email": "eu.eleifend.nec@mienimcondimentum.org"
	},
	{
	  "phone": "1-523-283-9358",
	  "dob": "04/07/1988",
	  "name": "Meredith Z. Martinez",
	  "id": "011e2d04-91a2-418c-8e1f-79c1163df505",
	  "email": "montes.nascetur@vellectus.co.uk"
	},
	{
	  "phone": "1-956-188-5509",
	  "dob": "10/01/1983",
	  "name": "Pamela G. Roach",
	  "id": "6c8cc668-7fad-43a4-8dfd-924a230c002e",
	  "email": "metus.In@iaculisodio.edu"
	},
	{
	  "phone": "580-5661",
	  "dob": "31/05/1977",
	  "name": "Nolan Kirk",
	  "id": "84f5702f-b0c3-471f-bb1c-a28f674ca50d",
	  "email": "quam.quis.diam@aliquetsem.com"
	},
	{
	  "phone": "376-6414",
	  "dob": "21/02/1997",
	  "name": "Damon Stokes",
	  "id": "e2556042-49ed-4fd5-8910-98e7c9f85b21",
	  "email": "neque@infaucibus.net"
	},
	{
	  "phone": "207-9279",
	  "dob": "11/08/1973",
	  "name": "Ila Daugherty",
	  "id": "31b1f304-9be9-4c12-ad28-a98a56b8b5e1",
	  "email": "elit@Etiam.com"
	},
	{
	  "phone": "1-679-613-5539",
	  "dob": "30/08/1969",
	  "name": "Florence M. Booth",
	  "id": "108733d2-ff8e-4bbf-891b-2258b97175ae",
	  "email": "quam.quis.diam@pulvinararcuet.ca"
	},
	{
	  "phone": "1-711-593-5673",
	  "dob": "29/06/1976",
	  "name": "Dorian Luna",
	  "id": "6ec7c14a-a6d2-4fdc-9948-5f1fa9334c7c",
	  "email": "penatibus.et.magnis@molestiein.edu"
	},
	{
	  "phone": "390-0417",
	  "dob": "14/05/1992",
	  "name": "Ira Crawford",
	  "id": "a5bd72ce-2801-40a2-a001-e79300ac780b",
	  "email": "lorem@vulputateullamcorpermagna.net"
	},
	{
	  "phone": "513-0131",
	  "dob": "04/01/1986",
	  "name": "Christopher I. Davenport",
	  "id": "b223f8d3-0d72-48a0-aa1d-dc0c1b2575b4",
	  "email": "mi@dapibus.com"
	},
	{
	  "phone": "468-8632",
	  "dob": "16/11/1976",
	  "name": "Kiona Pollard",
	  "id": "76325899-4ca8-4cbd-80f8-76e1ba5e8af4",
	  "email": "eu.tellus.eu@mauris.com"
	},
	{
	  "phone": "164-3542",
	  "dob": "24/05/1995",
	  "name": "Blossom Barry",
	  "id": "b6f31b3d-31e9-4110-b984-d9b7febcf053",
	  "email": "eros@primisinfaucibus.org"
	},
	{
	  "phone": "1-879-238-4633",
	  "dob": "20/04/1988",
	  "name": "Janna Snider",
	  "id": "b41e8c9a-da12-480b-8da5-39378d5f289c",
	  "email": "ac.libero.nec@ipsumdolor.net"
	},
	{
	  "phone": "1-766-588-2166",
	  "dob": "07/12/1988",
	  "name": "Larissa Hampton",
	  "id": "7daba443-598f-411c-baf0-13172dff13c1",
	  "email": "Donec@interdum.org"
	},
	{
	  "phone": "752-0415",
	  "dob": "24/10/1986",
	  "name": "Declan O. Kim",
	  "id": "ba2aed30-c0d3-4f9d-a4ec-aad944f34720",
	  "email": "elit.Curabitur@ut.net"
	},
	{
	  "phone": "246-6791",
	  "dob": "25/12/1986",
	  "name": "Philip Owen",
	  "id": "2ffc7e88-14fd-4c97-9e7a-c8a822c524c3",
	  "email": "nec.ligula.consectetuer@risusDonecnibh.co.uk"
	},
	{
	  "phone": "440-5801",
	  "dob": "14/12/1979",
	  "name": "Vance Ratliff",
	  "id": "2b22bacc-ae61-4096-8858-772579787f25",
	  "email": "fermentum.risus@dolor.com"
	},
	{
	  "phone": "1-619-930-8150",
	  "dob": "04/11/1974",
	  "name": "Dorothy E. Garrison",
	  "id": "244562dd-f338-4d15-8127-3894bd5df037",
	  "email": "sem.egestas@lacus.ca"
	},
	{
	  "phone": "1-391-764-1647",
	  "dob": "03/06/1982",
	  "name": "Tatyana T. Day",
	  "id": "3f1fd393-2ec8-4806-9f5c-56b0640ef6c7",
	  "email": "Mauris.vel@perconubianostra.ca"
	},
	{
	  "phone": "1-577-704-7362",
	  "dob": "08/02/1968",
	  "name": "Drew Kennedy",
	  "id": "1e362bfb-f47b-4204-89be-ebdd7ab01e82",
	  "email": "Maecenas@magnaSedeu.net"
	},
	{
	  "phone": "793-9294",
	  "dob": "03/01/1991",
	  "name": "Coby Sanford",
	  "id": "60815b5b-e110-4089-89ba-89a39347638f",
	  "email": "risus@in.com"
	},
	{
	  "phone": "562-7157",
	  "dob": "21/03/1988",
	  "name": "Hayfa W. Melton",
	  "id": "ab6502b3-71b1-451f-8824-b1a57d208cc2",
	  "email": "molestie@quamPellentesque.org"
	},
	{
	  "phone": "210-1895",
	  "dob": "04/03/1982",
	  "name": "Uta Stuart",
	  "id": "0a814eec-f4b9-493e-bfec-3376b992e1cc",
	  "email": "in.consectetuer.ipsum@lobortisClassaptent.com"
	},
	{
	  "phone": "1-349-409-5624",
	  "dob": "06/11/1968",
	  "name": "Jemima Houston",
	  "id": "f4b4bb87-3613-44fd-8006-92b4d90d3ab9",
	  "email": "felis.Nulla.tempor@inmolestietortor.ca"
	},
	{
	  "phone": "220-9543",
	  "dob": "03/02/1971",
	  "name": "Cailin M. Sanford",
	  "id": "02c58845-8d4a-40f2-9cf9-bec397b1c8ca",
	  "email": "pretium.aliquet.metus@consectetuereuismod.edu"
	},
	{
	  "phone": "468-6253",
	  "dob": "23/11/1974",
	  "name": "Kibo H. Atkinson",
	  "id": "81180355-03b8-466a-97ff-504df62509ad",
	  "email": "ac@ultricesDuisvolutpat.com"
	},
	{
	  "phone": "1-416-117-9588",
	  "dob": "31/01/1971",
	  "name": "Mason Q. Hopper",
	  "id": "c812ad88-a1f1-430e-b4ac-f3149a503b6e",
	  "email": "lacinia.at@massaMauris.co.uk"
	},
	{
	  "phone": "318-1198",
	  "dob": "27/06/1985",
	  "name": "Rogan White",
	  "id": "275bbe7d-1c64-43b2-ad5b-148ceb8a9d29",
	  "email": "tellus.justo@molestiepharetranibh.edu"
	},
	{
	  "phone": "1-795-166-9081",
	  "dob": "08/03/1982",
	  "name": "Kibo Petty",
	  "id": "132885ff-746f-4ed3-8918-255db4b4dc76",
	  "email": "in@Sedneque.com"
	},
	{
	  "phone": "664-1755",
	  "dob": "14/06/1985",
	  "name": "Wynne Wolf",
	  "id": "00716741-70d4-4f42-aa27-b93a407b781a",
	  "email": "enim.Etiam.gravida@aliquetodioEtiam.com"
	},
	{
	  "phone": "1-816-664-9420",
	  "dob": "22/05/1987",
	  "name": "Piper Mccormick",
	  "id": "74c12aa3-a002-4f96-8b21-43d6e4e305ac",
	  "email": "Duis@turpis.co.uk"
	},
	{
	  "phone": "885-2917",
	  "dob": "29/10/1983",
	  "name": "Tanek Browning",
	  "id": "46986288-2900-4a7a-8067-7053475cc4aa",
	  "email": "eget@magnis.org"
	},
	{
	  "phone": "151-2485",
	  "dob": "03/06/1971",
	  "name": "Linus T. Harding",
	  "id": "d2be6bd6-1019-4d91-9837-b910ff90c4f5",
	  "email": "faucibus@dignissimlacus.com"
	},
	{
	  "phone": "1-806-971-4667",
	  "dob": "04/09/1995",
	  "name": "Desirae Z. Brock",
	  "id": "0e03ba42-26fe-4a4b-a6b7-6c29ce791993",
	  "email": "gravida.molestie.arcu@purus.edu"
	},
	{
	  "phone": "1-787-837-4123",
	  "dob": "02/04/1994",
	  "name": "Donna Cunningham",
	  "id": "42cac906-17cf-42ec-b2d2-3b471764ca31",
	  "email": "vitae.semper@commodoauctor.com"
	},
	{
	  "phone": "301-5545",
	  "dob": "23/07/1979",
	  "name": "Octavius J. Navarro",
	  "id": "5a5344bf-3b21-4e20-a403-262a6961a087",
	  "email": "turpis.Aliquam@Cumsociis.edu"
	},
	{
	  "phone": "692-0585",
	  "dob": "06/05/1992",
	  "name": "Jane Mann",
	  "id": "0ae5cec2-92c1-44f2-b24b-75fcd1a84471",
	  "email": "facilisis.non@risusDonec.edu"
	},
	{
	  "phone": "1-942-665-9007",
	  "dob": "30/08/1974",
	  "name": "Brielle Wallace",
	  "id": "6fc27453-eb4a-4a8b-b789-95c1d98e28f8",
	  "email": "sem@viverraDonec.org"
	},
	{
	  "phone": "1-638-145-7361",
	  "dob": "23/03/1985",
	  "name": "Malcolm Velez",
	  "id": "b484c3e5-b27b-4530-9d45-3599405ef385",
	  "email": "ullamcorper.magna@Vivamuseuismod.net"
	},
	{
	  "phone": "1-374-187-8585",
	  "dob": "19/01/1987",
	  "name": "Karina Ochoa",
	  "id": "6579339a-51d5-484a-903b-71f62cc2c236",
	  "email": "vitae.mauris.sit@ultriciesdignissim.com"
	},
	{
	  "phone": "1-897-458-7214",
	  "dob": "29/10/1979",
	  "name": "Cherokee N. Paul",
	  "id": "d1ffa20d-37d4-42dd-bcb4-a5809b476560",
	  "email": "velit.justo@Maurisblandit.co.uk"
	},
	{
	  "phone": "1-745-264-0768",
	  "dob": "28/11/1986",
	  "name": "Wang Spears",
	  "id": "3c69e2a7-6d56-4f39-9ec7-c6f455e74ff6",
	  "email": "elementum@ligulaAeneangravida.co.uk"
	},
	{
	  "phone": "980-6400",
	  "dob": "11/06/1999",
	  "name": "Leila F. Pittman",
	  "id": "d2f9cb1b-441f-41ef-97b9-c55cbe03fbd0",
	  "email": "at@Donecat.ca"
	},
	{
	  "phone": "1-670-320-1073",
	  "dob": "18/10/1991",
	  "name": "Bevis Benton",
	  "id": "2bcc0656-163b-4383-991c-2cff6dfec5fb",
	  "email": "Mauris.blandit@necorciDonec.net"
	},
	{
	  "phone": "1-945-440-8685",
	  "dob": "08/02/1983",
	  "name": "Vivian N. Quinn",
	  "id": "cc224d45-efc7-4f06-a9aa-546418c67568",
	  "email": "mi.fringilla.mi@orciUt.com"
	},
	{
	  "phone": "410-5213",
	  "dob": "07/09/1972",
	  "name": "Delilah X. Henderson",
	  "id": "75b45d1b-d9dd-40d6-addc-7ee344d97f61",
	  "email": "bibendum.Donec@Praesenteunulla.com"
	},
	{
	  "phone": "814-6328",
	  "dob": "20/02/1971",
	  "name": "Harrison Alston",
	  "id": "9f874c2b-8ac6-43c0-8ec3-bc65439adc55",
	  "email": "Integer.vulputate.risus@cursusluctusipsum.com"
	},
	{
	  "phone": "1-185-364-7519",
	  "dob": "16/09/1993",
	  "name": "Rhea B. Lambert",
	  "id": "72d00bdb-5df9-4b90-b752-7ea68354fdcf",
	  "email": "a@sedduiFusce.org"
	},
	{
	  "phone": "198-7742",
	  "dob": "10/08/1995",
	  "name": "Dennis M. Munoz",
	  "id": "743d085d-d160-4c41-9d97-c730bbcab48a",
	  "email": "dapibus@Lorem.org"
	},
	{
	  "phone": "410-3089",
	  "dob": "18/09/1975",
	  "name": "Caldwell Shelton",
	  "id": "b10dda35-d17d-4d6e-b740-b4027d061ec6",
	  "email": "eget.ipsum@ultriciesadipiscingenim.com"
	},
	{
	  "phone": "1-999-456-1203",
	  "dob": "10/02/1975",
	  "name": "Amir Juarez",
	  "id": "be162cc0-2a13-4921-955b-53deb7570696",
	  "email": "et.pede.Nunc@enim.ca"
	},
	{
	  "phone": "251-2786",
	  "dob": "08/07/1979",
	  "name": "Fredericka Fry",
	  "id": "33841ac8-f216-482f-8905-581e8e0c9cb4",
	  "email": "a.arcu@inlobortistellus.co.uk"
	},
	{
	  "phone": "574-8398",
	  "dob": "24/06/1973",
	  "name": "Jesse G. Nichols",
	  "id": "cf4a18e2-3fcd-4f2f-b8ba-37a7a760035f",
	  "email": "sem.vitae.aliquam@pede.org"
	},
	{
	  "phone": "739-2387",
	  "dob": "20/08/1993",
	  "name": "Shana Duncan",
	  "id": "2e174d04-8e0b-4e93-9919-207b0bf751cc",
	  "email": "pede.Nunc@fermentumrisus.edu"
	},
	{
	  "phone": "1-758-466-1432",
	  "dob": "13/03/1976",
	  "name": "Shafira Morris",
	  "id": "771ca575-98d3-4964-b3d5-4376b4bf665c",
	  "email": "faucibus.orci.luctus@estac.com"
	},
	{
	  "phone": "1-301-287-4515",
	  "dob": "09/01/1982",
	  "name": "Indigo Cruz",
	  "id": "f271fde4-cb1f-4bb9-ba76-b9f440efddc9",
	  "email": "feugiat.non.lobortis@fermentumrisusat.net"
	},
	{
	  "phone": "507-8349",
	  "dob": "13/04/1979",
	  "name": "Hilda Nguyen",
	  "id": "a0cd06d7-8a32-422c-a421-033d19e91937",
	  "email": "vel@vitae.net"
	},
	{
	  "phone": "1-963-823-0346",
	  "dob": "22/01/1983",
	  "name": "Tucker D. Guy",
	  "id": "d052fd68-6fdb-4265-91fe-65c3e19e4ab6",
	  "email": "tincidunt.aliquam.arcu@aliquameros.co.uk"
	},
	{
	  "phone": "1-215-694-7661",
	  "dob": "01/04/1985",
	  "name": "Guinevere I. Parsons",
	  "id": "eaf67c8b-e5fa-46c0-91be-a8ce1629d309",
	  "email": "Fusce@lacusNullatincidunt.edu"
	},
	{
	  "phone": "855-8131",
	  "dob": "03/07/1991",
	  "name": "Roanna Serrano",
	  "id": "0943b174-64c3-4d25-a182-08d9731bbc5c",
	  "email": "convallis.erat.eget@ipsumnuncid.com"
	},
	{
	  "phone": "1-979-311-2517",
	  "dob": "11/11/1967",
	  "name": "Velma I. Cobb",
	  "id": "142531b1-875f-413f-b447-50e5303b7266",
	  "email": "aliquam.adipiscing@velarcueu.co.uk"
	},
	{
	  "phone": "509-2912",
	  "dob": "25/02/1976",
	  "name": "Amery G. Ayala",
	  "id": "41bb493e-544d-4657-8890-fcf36e8ff286",
	  "email": "molestie.pharetra@egestasDuis.edu"
	},
	{
	  "phone": "1-221-800-5552",
	  "dob": "20/08/1973",
	  "name": "Josiah E. Rios",
	  "id": "abf24264-6203-4997-8811-19ed142de896",
	  "email": "Duis.cursus@ipsumdolor.co.uk"
	},
	{
	  "phone": "193-9929",
	  "dob": "02/10/1987",
	  "name": "Malachi Q. Tran",
	  "id": "6101e765-4b1a-47c0-bea7-c7a236a34e3a",
	  "email": "ante.ipsum.primis@atpretium.org"
	},
	{
	  "phone": "1-381-238-7988",
	  "dob": "21/08/1980",
	  "name": "Erica Perez",
	  "id": "e933ee08-ce37-4cdb-9afa-06927e47b1b4",
	  "email": "mus.Proin@inlobortis.co.uk"
	},
	{
	  "phone": "1-465-928-7340",
	  "dob": "07/01/1992",
	  "name": "Quinn A. Spence",
	  "id": "dfb04132-c96e-4a04-bea4-8b4720a010fe",
	  "email": "enim.nec.tempus@orci.co.uk"
	},
	{
	  "phone": "1-285-575-9532",
	  "dob": "10/08/1990",
	  "name": "Jolene Delacruz",
	  "id": "fb02a498-8d56-4be3-8f30-ff9876ea5ca6",
	  "email": "bibendum.sed.est@nec.com"
	},
	{
	  "phone": "1-564-651-5621",
	  "dob": "04/04/1969",
	  "name": "Rigel Cross",
	  "id": "467fc16b-ab15-49a2-8610-33056c744833",
	  "email": "Vivamus.non.lorem@dignissimlacusAliquam.com"
	},
	{
	  "phone": "658-6123",
	  "dob": "29/10/1971",
	  "name": "Jane Carney",
	  "id": "cb0a8d02-5d87-4fd6-8e9b-2c81709b24f6",
	  "email": "bibendum@eleifendnunc.co.uk"
	},
	{
	  "phone": "1-127-360-1239",
	  "dob": "25/09/1969",
	  "name": "Chancellor B. Cobb",
	  "id": "779e37a7-fe7a-43d3-a7f4-cd2dc4e5c268",
	  "email": "ipsum.non@sem.org"
	},
	{
	  "phone": "1-859-784-3087",
	  "dob": "28/08/1991",
	  "name": "Desirae Montoya",
	  "id": "e7d104f3-02f7-49fa-9802-9f4468ea6fb2",
	  "email": "consectetuer.adipiscing@lobortismauris.co.uk"
	},
	{
	  "phone": "1-926-984-1942",
	  "dob": "15/06/1978",
	  "name": "Rahim P. Whitfield",
	  "id": "d16bf9d3-cc8e-4e93-9e46-6ac3c6ac9e30",
	  "email": "venenatis.lacus.Etiam@duinectempus.net"
	},
	{
	  "phone": "1-208-214-2665",
	  "dob": "31/10/1987",
	  "name": "Brendan Willis",
	  "id": "83d17a5f-dc5e-4e92-a8ea-1edbb2683b3e",
	  "email": "varius.orci.in@venenatis.org"
	},
	{
	  "phone": "1-855-381-7483",
	  "dob": "19/06/1969",
	  "name": "Brady George",
	  "id": "c4832aee-4644-457b-8965-b6c8e132c94a",
	  "email": "mi.enim.condimentum@Proinsedturpis.org"
	},
	{
	  "phone": "449-1124",
	  "dob": "24/10/1999",
	  "name": "Austin Clark",
	  "id": "93ff309b-f3f1-431b-8a81-56853d2fff62",
	  "email": "a@purus.ca"
	}
  ]